{"2f2ISVG2aHe6mzFA0O1dww==":"mbr-1920x1280.jpg","ye+u4i78o7G0iMw8S0IkEw==":"mbr-1-1920x1280.jpg","3NvfHkatuUOSh05B9bGjyw==":"15-2000x1029.jpg","Wt52J4MooBm8gx1N7bPspA==":"broadway-malyan_london_daressalaam_12_81f7a62a712359825ef1778490e1b1fe-1600x900.jpg","VunMKeerUZCfYJGn38VNrQ==":"about_us-1620x1080.jpg","k2uykRnTNSEw1YhVbUdPSg==":"olena-sergienko-3blvilvh9hm-unsplash-608x1080.jpg","HvMecQrRgfou4YunFJZIBg==":"olena-sergienko-3blvilvh9hm-unsplash-608x1080.jpeg","ijH4NyUJ0fcmSej/FmJgug==":"vojtech-bruzek-wxwq-wj-g9q-unsplash-1036x691.jpeg","YnTUCQl4tdHMTmRKM0BLCQ==":"vojtech-bruzek-wxwq-wj-g9q-unsplash-1-1036x691.jpeg","5iCZikcR2JvMXigLu3VUGQ==":"montylov-c3cedu9nzz0-unsplash-620x1080.jpeg","8QR2+G+18C/kGyEyBRpfGw==":"mbr-2-1920x1280.jpg","PiOKoBLXF/xn16Rsj/XmZg==":"maarten-deckers-t5nxyxcf50i-unsplash-2000x1333.jpg","87Bt7893WwfrO4+0fI84mA==":"1-640x427.jpg","zaOk25S0dXwfTZzYYoFs9w==":"2-640x480.jpg","Yd4TRDgLrJXuMxHECnKTWA==":"3-640x960.jpg","lRCLXZKSeRN7n2QHIEzcng==":"4-640x360.jpg","ZY4sakN9FcSiQqvFSm2aew==":"5-640x427.jpg","l0ljabKEF24oRldOYFsjWw==":"6-640x427.jpg","A8FdWrmR+MyFJI0GcuAdYA==":"7-640x427.jpg","LK4dYNF0QBR4Kl2v+xzbFQ==":"8-640x427.jpg","zgkAX/biQW80d8MVDtfEQQ==":"9-1200x600.jpg","ImltarkmeyfDwcZf7xGe6A==":"10-640x960.jpg","xfJLXhZrXt8CfpPSdqEhhw==":"11-640x427.jpg","ImQDAtl1YBGZ6PgA9WyxIw==":"12-640x853.jpg","JhBTHXgK9CeWAe9T2sufTA==":"florian-krumm-ugcwlc0lqtq-unsplash-2000x1333.jpg","eDZZi8B/eUByIUVnTHHAWg==":"ricardo-gomez-angel-z0l-3cwpkto-unsplash-2000x1335.jpg","b29SyE/g+VTqTDYhrUcmYw==":"christian-holzinger-cuy_yhhcfl4-unsplash-2000x1333.jpg","KKxLzY/5iAckkjkL66JPRQ==":"pawel-czerwinski-c2twwnkexfw-unsplash-2000x1333.jpg","EqC/M6+zVwm7iCKQCq+cOA==":"pawel-czerwinski-kofvxio1lok-unsplash-2000x1333.jpg","CkJtbZg/yOtRJufAw7thsQ==":"scott-webb-m5pymj83ofe-unsplash-2000x1333.jpg","ckHt0zqThhmG13udYct3nA==":"logo-96x55.png","m/YU/hwV6KNGJlwnC4ds/A==":"pierre-chatel-innocenti-n5rn0je5kay-unsplash-2000x1333.jpg","CAmN8d3ht1n31biNv/519w==":"logo-1256x723.png","h2CgiNBntOIDl6gaWox8xA==":"logo%20small-167x91.png","22EvfgX9nkaYmZLfw5m6Hw==":"logo%20small-566x310.png","gNRGQiwvV0peoe9SPYFhLw==":"1baoan-cultural-complex---youth-center-----facade-03------photo-by-rocco-design-architects.1575351819.1446-644x429.jpg","WwiBTzFw4kbAoIB2zbd5rA==":"asia-culturecenter-ygukqe7ky2a-unsplash-644x429.jpg","Yv7I/TyVIEvjQh+tMlWr2g==":"toa-heftiba-i0p916iq-ew-unsplash-2000x1333.jpg","OlquVJduL124XT5gMa/epA==":"pawel-czerwinski-qizmt-o2rik-unsplash-2000x1333.jpg","jVroEKbaJH3O/L0BpzTiCw==":"pawel-czerwinski-njx3cee4zuu-unsplash-2000x3000.jpeg","vzqe5Mt7seDC8Dq/4gnxqA==":"pawel-czerwinski-g0ererpbota-unsplash-2000x3000.jpeg","yv3cCODojndH3A9Aa34DRQ==":"dawid-sokolowski-mufeb7cmuxo-unsplash-2000x3556.jpeg","+Tiu3/BRrNqqXcQ7wOh3dA==":"marcel-strauss-icr53ovmqcs-unsplash-2000x2858.jpeg","oRykAiO0rUD++7AmPeEwUg==":"background1.jpg","n1dx+NZv3qks526xC0hZ5Q==":"background13.jpg","n1pNjGh4w4kJl7ztKVo7ZQ==":"background6.jpg"}